ORDERLINEID,ORDERLINENUMBER
337,3
347,4
293,2
127,11
251,1
164,2
323,12
101,2
204,6
278,4
311,16
294,6
128,1
246,2
191,8
263,5
400,1
224,9
406,1
165,11
155,3
102,5
205,10
312,2
338,6
295,1
129,11
225,2
362,2
166,2
361,2
324,4
350,3
103,2
206,7
279,2
313,2
296,7
130,11
264,5
226,12
167,15
401,1
104,6
375,2
207,7
280,13
297,4
131,8
265,3
381,1
227,11
392,2
168,13
402,1
386,1
105,14
256,6
281,12
298,2
132,1
192,2
228,3
363,2
169,9
106,1
208,2
257,4
282,2
314,6
299,6
133,4
193,9
229,2
364,9
170,12
107,9
209,14
300,3
134,8
266,6
230,13
171,9
108,1
248,1
389,3
210,3
273,16
301,7
135,11
267,6
231,5
172,6
325,4
403,1
109,2
211,8
283,17
302,2
136,6
194,15
232,13
173,8
156,2
110,14
258,16
382,1
339,7
137,3
247,1
195,4
268,2
233,2
365,3
174,12
111,1
249,6
212,9
315,4
303,3
138,2
196,9
252,1
234,2
366,6
393,2
351,3
157,1
112,7
213,3
274,5
284,3
316,11
395,1
348,2
304,7
139,9
269,5
235,2
175,3
378,5
326,14
113,2
369,2
214,13
355,1
305,2
357,1
140,6
197,12
176,1
327,9
114,2
376,3
370,2
215,14
384,1
359,1
141,9
270,5
236,2
177,4
328,1
115,1
216,3
275,1
285,6
385,1
142,2
198,9
237,5
178,6
329,11
116,6
377,1
217,12
317,14
306,2
371,2
143,11
271,8
238,8
407,1
179,1
330,7
352,4
158,1
117,9
218,5
286,8
340,1
345,2
144,6
199,13
239,13
180,9
159,2
118,5
219,10
318,9
145,3
200,7
240,5
383,7
181,17
397,1
119,1
250,9
220,3
276,15
146,1
372,2
253,1
182,6
368,6
331,6
379,6
120,1
373,3
287,6
307,15
147,3
201,2
391,2
241,10
183,8
332,1
160,4
387,8
121,9
288,2
319,4
341,1
388,1
308,3
148,1
242,8
260,10
184,5
333,1
405,3
353,1
374,7
289,8
149,10
254,5
185,6
122,13
163,4
221,3
399,1
290,1
344,3
320,1
390,2
150,2
202,4
243,6
255,4
186,3
161,5
123,12
259,1
262,5
321,5
342,2
309,13
151,3
244,10
346,11
187,4
394,2
334,7
398,1
124,4
222,4
291,14
152,4
360,3
367,5
188,2
261,3
404,5
335,11
189,9
354,3
162,1
125,7
277,5
292,3
322,11
396,1
349,2
153,9
272,5
245,2
190,3
380,5
336,14
126,2
223,13
343,5
356,1
310,2
358,1
154,6
203,12
